{
  "RandomForest": {
    "Store-All": {
      "DRR": 0.0,
      "DRR_low": NaN,
      "DRR_high": NaN,
      "ECR": 100.0,
      "ECR_low": NaN,
      "ECR_high": NaN,
      "latency": 616.5294911846706,
      "sram_kb": 257.20078125,
      "flash_kb": 800.0,
      "macs": 1200.0
    },
    "Detect-Only": {
      "DRR": 94.64702612562533,
      "DRR_low": 93.11902382394885,
      "DRR_high": 95.42523624235686,
      "ECR": 74.84682853378504,
      "ECR_low": 67.55681283397406,
      "ECR_high": 81.65830795989655,
      "latency": 616.5294911846706,
      "sram_kb": 13.767890625000001,
      "flash_kb": 800.0,
      "macs": 1200.0
    },
    "Fixed_Periodic": {
      "DRR": 94.64702612562533,
      "DRR_low": 93.23629729580601,
      "DRR_high": 95.39744302390216,
      "ECR": 52.69514398644833,
      "ECR_low": 43.5376514773832,
      "ECR_high": 68.78237462258285,
      "latency": 616.5294911846706,
      "sram_kb": 13.767890625000001,
      "flash_kb": 800.0,
      "macs": 1200.0
    },
    "Pure_Random": {
      "DRR": 94.64702612562533,
      "DRR_low": 93.37208415687533,
      "DRR_high": 95.50861589772094,
      "ECR": 45.730599995817386,
      "ECR_low": 38.33728266996248,
      "ECR_high": 52.48595141316915,
      "latency": 616.5294911846706,
      "sram_kb": 13.767890625000001,
      "flash_kb": 800.0,
      "macs": 1200.0
    },
    "Proposed_Adaptive": {
      "DRR": 87.30961645358533,
      "DRR_low": 84.7607652244245,
      "DRR_high": 88.97995284068232,
      "ECR": 77.5640127987954,
      "ECR_low": 71.49217978114447,
      "ECR_high": 85.04504464734545,
      "latency": 616.5294911846706,
      "sram_kb": 32.639765625,
      "flash_kb": 800.0,
      "macs": 1200.0
    },
    "_p_value": 0.0004374549211627664,
    "_cohen_d": 2.5851501950319364
  },
  "LinearBenchmark": {
    "Store-All": {
      "DRR": 0.0,
      "DRR_low": NaN,
      "DRR_high": NaN,
      "ECR": 100.0,
      "ECR_low": NaN,
      "ECR_high": NaN,
      "latency": 235.08075308749957,
      "sram_kb": 257.20078125,
      "flash_kb": 0.123046875,
      "macs": 122.0
    },
    "Detect-Only": {
      "DRR": 73.97443023902169,
      "DRR_low": 72.5658366417955,
      "DRR_high": 75.213538651343,
      "ECR": 97.18863584080977,
      "ECR_low": 95.30619120303112,
      "ECR_high": 98.61490013229952,
      "latency": 235.08075308749957,
      "sram_kb": 66.93796875,
      "flash_kb": 0.123046875,
      "macs": 122.0
    },
    "Fixed_Periodic": {
      "DRR": 73.97443023902169,
      "DRR_low": 72.49075576290001,
      "DRR_high": 75.18544513019499,
      "ECR": 82.62302528389486,
      "ECR_low": 73.63795921127908,
      "ECR_high": 88.14710991915652,
      "latency": 235.08075308749957,
      "sram_kb": 66.93796875,
      "flash_kb": 0.123046875,
      "macs": 122.0
    },
    "Pure_Random": {
      "DRR": 73.97443023902169,
      "DRR_low": 72.56380368064552,
      "DRR_high": 75.36629639044824,
      "ECR": 96.55093167701864,
      "ECR_low": 94.37473990168307,
      "ECR_high": 98.34326619437682,
      "latency": 235.08075308749957,
      "sram_kb": 66.93796875,
      "flash_kb": 0.123046875,
      "macs": 122.0
    },
    "Proposed_Adaptive": {
      "DRR": 38.66592551417454,
      "DRR_low": 36.54549660017555,
      "DRR_high": 40.820989669742055,
      "ECR": 98.83770416379113,
      "ECR_low": 97.54847898274497,
      "ECR_high": 99.64285714285714,
      "latency": 235.08075308749957,
      "sram_kb": 157.75171874999998,
      "flash_kb": 0.123046875,
      "macs": 122.0
    },
    "_p_value": 0.135492665172059,
    "_cohen_d": 0.8020612879846282
  }
}