{
  "RandomForest": {
    "Store-All": {
      "DRR": 0.0,
      "DRR_low": NaN,
      "DRR_high": NaN,
      "ECR": 100.0,
      "ECR_low": NaN,
      "ECR_high": NaN,
      "latency": 162.89473684210526,
      "sram_kb": 214.333984375,
      "flash_kb": 400.0
    },
    "Detect-Only": {
      "DRR": 87.04836020011119,
      "DRR_low": 86.42729584995912,
      "DRR_high": 87.60054835556592,
      "ECR": 87.6111111111111,
      "ECR_low": 84.19440928317043,
      "ECR_high": 89.7752751267108,
      "latency": 162.89473684210526,
      "sram_kb": 27.759765625,
      "flash_kb": 400.0
    },
    "Fixed_Periodic": {
      "DRR": 87.04836020011119,
      "DRR_low": 86.40475179010471,
      "DRR_high": 87.61303537469274,
      "ECR": 14.333333333333334,
      "ECR_low": 13.777777777777779,
      "ECR_high": 16.291306772718546,
      "latency": 162.89473684210526,
      "sram_kb": 27.759765625,
      "flash_kb": 400.0
    },
    "Pure_Random": {
      "DRR": 87.04836020011119,
      "DRR_low": 86.44214189445655,
      "DRR_high": 87.59866592551418,
      "ECR": 13.055555555555554,
      "ECR_low": 11.192403111569686,
      "ECR_high": 14.277777777777779,
      "latency": 162.89473684210526,
      "sram_kb": 27.759765625,
      "flash_kb": 400.0
    },
    "Proposed_Adaptive": {
      "DRR": 73.50750416898278,
      "DRR_low": 72.97943301834353,
      "DRR_high": 74.00610345814854,
      "ECR": 97.72222222222223,
      "ECR_low": 96.66666666666666,
      "ECR_high": 98.55555555555556,
      "latency": 162.89473684210526,
      "sram_kb": 56.782421875,
      "flash_kb": 400.0
    },
    "_p_value": 0.00017962250499070813
  },
  "LinearBenchmark": {
    "Store-All": {
      "DRR": 0.0,
      "DRR_low": NaN,
      "DRR_high": NaN,
      "ECR": 100.0,
      "ECR_low": NaN,
      "ECR_high": NaN,
      "latency": 272.5,
      "sram_kb": 214.333984375,
      "flash_kb": 0.123046875
    },
    "Detect-Only": {
      "DRR": 70.43357420789327,
      "DRR_low": 69.34963868816008,
      "DRR_high": 71.44524735964424,
      "ECR": 81.7777777777778,
      "ECR_low": 77.82399639860901,
      "ECR_high": 85.4086930699917,
      "latency": 272.5,
      "sram_kb": 63.3708984375,
      "flash_kb": 0.123046875
    },
    "Fixed_Periodic": {
      "DRR": 70.43357420789327,
      "DRR_low": 69.39386317127392,
      "DRR_high": 71.50364971273959,
      "ECR": 29.666666666666664,
      "ECR_low": 28.666666666666664,
      "ECR_high": 30.666666666666664,
      "latency": 272.5,
      "sram_kb": 63.3708984375,
      "flash_kb": 0.123046875
    },
    "Pure_Random": {
      "DRR": 70.43357420789327,
      "DRR_low": 69.44128318714435,
      "DRR_high": 71.50033960288621,
      "ECR": 31.222222222222225,
      "ECR_low": 28.555555555555557,
      "ECR_high": 34.111111111111114,
      "latency": 272.5,
      "sram_kb": 63.3708984375,
      "flash_kb": 0.123046875
    },
    "Proposed_Adaptive": {
      "DRR": 33.42412451361868,
      "DRR_low": 32.27348526959422,
      "DRR_high": 34.71536646675702,
      "ECR": 97.33333333333333,
      "ECR_low": 95.88888888888887,
      "ECR_high": 98.38888888888889,
      "latency": 272.5,
      "sram_kb": 142.6947265625,
      "flash_kb": 0.123046875
    },
    "_p_value": 0.000176611011668935
  }
}