{
  "RandomForest": {
    "agg_stats": {
      "Store-All": {
        "DRR": 0.0,
        "DRR_std": 0.0,
        "ECR": 100.0,
        "ECR_std": 0.0,
        "latency": 184.45938931068343,
        "lat_std": 72.83691126618808,
        "mem_kb": 38738.232421875
      },
      "Detect-Only": {
        "DRR": 89.38299055030573,
        "DRR_std": 0.5118783516718797,
        "ECR": 85.14505494505494,
        "ECR_std": 1.9785396148084229,
        "latency": 184.45938931068343,
        "lat_std": 72.83691126618808,
        "mem_kb": 4112.841796875
      },
      "Fixed_Periodic": {
        "DRR": 89.38299055030573,
        "DRR_std": 0.5118783516718797,
        "ECR": 10.880586080586081,
        "ECR_std": 0.886966214841076,
        "latency": 184.45938931068343,
        "lat_std": 72.83691126618808,
        "mem_kb": 4112.841796875
      },
      "Pure_Random": {
        "DRR": 89.38299055030573,
        "DRR_std": 0.5118783516718797,
        "ECR": 10.206593406593404,
        "ECR_std": 1.9396420339314255,
        "latency": 184.45938931068343,
        "lat_std": 72.83691126618808,
        "mem_kb": 4112.841796875
      },
      "Buffer_0.5s_0.5s": {
        "DRR": 84.86937187326292,
        "DRR_std": 0.8469592864809743,
        "ECR": 95.76520146520147,
        "ECR_std": 1.934270024751789,
        "latency": 184.45938931068343,
        "lat_std": 72.83691126618808,
        "mem_kb": 5861.337890625
      },
      "Buffer_1.0s_1.0s": {
        "DRR": 81.28960533629794,
        "DRR_std": 1.0884727092206166,
        "ECR": 97.67619047619048,
        "ECR_std": 1.4362965730673427,
        "latency": 184.45938931068343,
        "lat_std": 72.83691126618808,
        "mem_kb": 7248.076171875
      },
      "Buffer_1.0s_2.0s": {
        "DRR": 77.88771539744302,
        "DRR_std": 1.3971559968313738,
        "ECR": 97.98571428571428,
        "ECR_std": 1.311176446352432,
        "latency": 184.45938931068343,
        "lat_std": 72.83691126618808,
        "mem_kb": 8565.908203125
      },
      "Buffer_2.0s_3.0s": {
        "DRR": 71.47304057809893,
        "DRR_std": 1.9741873464066837,
        "ECR": 99.2904761904762,
        "ECR_std": 0.7331477811016284,
        "latency": 184.45938931068343,
        "lat_std": 72.83691126618808,
        "mem_kb": 11050.83984375
      },
      "Proposed_Fixed(1s/2s)": {
        "DRR": 77.88771539744302,
        "DRR_std": 1.3971559968313738,
        "ECR": 97.98571428571428,
        "ECR_std": 1.311176446352432,
        "latency": 184.45938931068343,
        "lat_std": 72.83691126618808,
        "mem_kb": 8565.908203125
      },
      "Proposed_Adaptive": {
        "DRR": 77.62090050027793,
        "DRR_std": 1.4161347116336689,
        "ECR": 97.98571428571428,
        "ECR_std": 1.311176446352432,
        "latency": 184.45938931068343,
        "lat_std": 72.83691126618808,
        "mem_kb": 8669.267578125
      }
    }
  },
  "LinearBenchmark": {
    "agg_stats": {
      "Store-All": {
        "DRR": 0.0,
        "DRR_std": 0.0,
        "ECR": 100.0,
        "ECR_std": 0.0,
        "latency": 141.6025984515158,
        "lat_std": 152.5936861353875,
        "mem_kb": 38738.232421875
      },
      "Detect-Only": {
        "DRR": 71.73985547526402,
        "DRR_std": 2.595975873713367,
        "ECR": 78.13699633699633,
        "ECR_std": 6.395614717462059,
        "latency": 141.6025984515158,
        "lat_std": 152.5936861353875,
        "mem_kb": 10947.48046875
      },
      "Fixed_Periodic": {
        "DRR": 71.73985547526402,
        "DRR_std": 2.595975873713367,
        "ECR": 29.097069597069602,
        "ECR_std": 2.5041767629127625,
        "latency": 141.6025984515158,
        "lat_std": 152.5936861353875,
        "mem_kb": 10947.48046875
      },
      "Pure_Random": {
        "DRR": 71.73985547526402,
        "DRR_std": 2.595975873713367,
        "ECR": 25.77948717948718,
        "ECR_std": 4.006959958102651,
        "latency": 141.6025984515158,
        "lat_std": 152.5936861353875,
        "mem_kb": 10947.48046875
      },
      "Buffer_0.5s_0.5s": {
        "DRR": 55.05280711506393,
        "DRR_std": 3.5044327967893127,
        "ECR": 87.5062271062271,
        "ECR_std": 5.645524774474266,
        "latency": 141.6025984515158,
        "lat_std": 152.5936861353875,
        "mem_kb": 17411.748046875
      },
      "Buffer_1.0s_1.0s": {
        "DRR": 44.12451361867705,
        "DRR_std": 3.8367367844576754,
        "ECR": 91.45018315018316,
        "ECR_std": 5.498326192973474,
        "latency": 141.6025984515158,
        "lat_std": 152.5936861353875,
        "mem_kb": 21645.17578125
      },
      "Buffer_1.0s_2.0s": {
        "DRR": 36.164535853251806,
        "DRR_std": 3.8403107997516255,
        "ECR": 93.9893772893773,
        "ECR_std": 5.000205607011153,
        "latency": 141.6025984515158,
        "lat_std": 152.5936861353875,
        "mem_kb": 24728.73046875
      },
      "Buffer_2.0s_3.0s": {
        "DRR": 24.36909394107838,
        "DRR_std": 3.61570010812292,
        "ECR": 96.81868131868131,
        "ECR_std": 3.0812567597358607,
        "latency": 141.6025984515158,
        "lat_std": 152.5936861353875,
        "mem_kb": 29298.076171875
      },
      "Proposed_Fixed(1s/2s)": {
        "DRR": 36.164535853251806,
        "DRR_std": 3.8403107997516255,
        "ECR": 93.9893772893773,
        "ECR_std": 5.000205607011153,
        "latency": 141.6025984515158,
        "lat_std": 152.5936861353875,
        "mem_kb": 24728.73046875
      },
      "Proposed_Adaptive": {
        "DRR": 32.8071150639244,
        "DRR_std": 3.9115476965595515,
        "ECR": 95.64139194139194,
        "ECR_std": 4.228904081204174,
        "latency": 141.6025984515158,
        "lat_std": 152.5936861353875,
        "mem_kb": 26029.3359375
      }
    }
  }
}