{
  "agg_stats": {
    "Store-All": {
      "DRR": 0.0,
      "DRR_std": 0.0,
      "ECR": 100.0,
      "ECR_std": 0.0
    },
    "Detect-Only": {
      "DRR": 89.38299055030573,
      "DRR_std": 0.5118783516718797,
      "ECR": 85.14505494505494,
      "ECR_std": 1.9785396148084229
    },
    "Fixed_Periodic": {
      "DRR": 89.38299055030573,
      "DRR_std": 0.5118783516718797,
      "ECR": 10.880586080586081,
      "ECR_std": 0.886966214841076
    },
    "Buffer_0.5s_0.5s": {
      "DRR": 84.86937187326292,
      "DRR_std": 0.8469592864809743,
      "ECR": 95.76520146520147,
      "ECR_std": 1.934270024751789
    },
    "Buffer_1.0s_1.0s": {
      "DRR": 81.28960533629794,
      "DRR_std": 1.0884727092206166,
      "ECR": 97.67619047619048,
      "ECR_std": 1.4362965730673427
    },
    "Buffer_1.0s_2.0s": {
      "DRR": 77.88771539744302,
      "DRR_std": 1.3971559968313738,
      "ECR": 97.98571428571428,
      "ECR_std": 1.311176446352432
    },
    "Buffer_2.0s_3.0s": {
      "DRR": 71.47304057809893,
      "DRR_std": 1.9741873464066837,
      "ECR": 99.2904761904762,
      "ECR_std": 0.7331477811016284
    },
    "Proposed_Fixed(1s/2s)": {
      "DRR": 77.88771539744302,
      "DRR_std": 1.3971559968313738,
      "ECR": 97.98571428571428,
      "ECR_std": 1.311176446352432
    },
    "Proposed_Adaptive": {
      "DRR": 77.62090050027793,
      "DRR_std": 1.4161347116336689,
      "ECR": 97.98571428571428,
      "ECR_std": 1.311176446352432
    }
  },
  "sensitivity": {
    "thresh": [
      0.2,
      0.3,
      0.4,
      0.5,
      0.6
    ],
    "DRR": [
      39.69983324068927,
      72.15119510839355,
      87.08171206225683,
      90.31684269038355,
      92.19566425792107
    ],
    "ECR": [
      100.0,
      98.8809523809524,
      94.02454212454214,
      83.94322344322343,
      70.77582417582417
    ]
  }
}