{
  "RandomForest": {
    "Store-All": {
      "DRR": 0.0,
      "DRR_low": NaN,
      "DRR_high": NaN,
      "ECR": 100.0,
      "ECR_low": NaN,
      "ECR_high": NaN,
      "latency": 616.5294911846706,
      "utility": 0.0,
      "sram_kb": 257.20078125,
      "flash_kb": 800.0,
      "macs": 1200.0
    },
    "Detect-Only": {
      "DRR": 94.64702612562535,
      "DRR_low": 93.11902382394885,
      "DRR_high": 95.42523624235686,
      "ECR": 74.84682853378506,
      "ECR_low": 67.56189606332326,
      "ECR_high": 81.68614570190252,
      "latency": 616.5294911846706,
      "utility": 0.694938546594104,
      "sram_kb": 13.767890625000001,
      "flash_kb": 800.0,
      "macs": 1200.0
    },
    "Fixed_Periodic": {
      "DRR": 94.64702612562535,
      "DRR_low": 93.236297295806,
      "DRR_high": 95.39744302390216,
      "ECR": 52.69514398644832,
      "ECR_low": 43.53765147738321,
      "ECR_high": 68.78237462258285,
      "latency": 616.5294911846706,
      "utility": 0.4734217011207368,
      "sram_kb": 13.767890625000001,
      "flash_kb": 800.0,
      "macs": 1200.0
    },
    "Pure_Random": {
      "DRR": 94.64702612562535,
      "DRR_low": 93.37533073503788,
      "DRR_high": 95.50861589772094,
      "ECR": 45.730599995817386,
      "ECR_low": 38.337282669962455,
      "ECR_high": 52.48595141316914,
      "latency": 616.5294911846706,
      "utility": 0.4037762612144274,
      "sram_kb": 13.767890625000001,
      "flash_kb": 800.0,
      "macs": 1200.0
    },
    "Proposed_Adaptive": {
      "DRR": 87.30961645358533,
      "DRR_low": 84.76076522442449,
      "DRR_high": 88.97995284068232,
      "ECR": 77.56401279879542,
      "ECR_low": 71.49217978114449,
      "ECR_high": 85.04504464734546,
      "latency": 616.5294911846706,
      "utility": 0.6487362925238074,
      "sram_kb": 32.639765625,
      "flash_kb": 800.0,
      "macs": 1200.0
    },
    "_p_value": 0.0004374549211627664,
    "_cohen_d": 2.5851501950319364
  },
  "LinearBenchmark": {
    "Store-All": {
      "DRR": 0.0,
      "DRR_low": NaN,
      "DRR_high": NaN,
      "ECR": 100.0,
      "ECR_low": NaN,
      "ECR_high": NaN,
      "latency": 235.08075308749957,
      "utility": 0.0,
      "sram_kb": 257.20078125,
      "flash_kb": 0.123046875,
      "macs": 122.0
    },
    "Detect-Only": {
      "DRR": 73.97443023902169,
      "DRR_low": 72.568093385214,
      "DRR_high": 75.21545674984897,
      "ECR": 97.18863584080975,
      "ECR_low": 95.29422590292155,
      "ECR_high": 98.57142857142856,
      "latency": 235.08075308749957,
      "utility": 0.7116306607983143,
      "sram_kb": 66.93796875,
      "flash_kb": 0.123046875,
      "macs": 122.0
    },
    "Fixed_Periodic": {
      "DRR": 73.97443023902169,
      "DRR_low": 72.49075576290001,
      "DRR_high": 75.18544513019498,
      "ECR": 82.62302528389485,
      "ECR_low": 73.6379592112791,
      "ECR_high": 88.1471099191565,
      "latency": 235.08075308749957,
      "utility": 0.5659745552291653,
      "sram_kb": 66.93796875,
      "flash_kb": 0.123046875,
      "macs": 122.0
    },
    "Pure_Random": {
      "DRR": 73.97443023902169,
      "DRR_low": 72.56380368064553,
      "DRR_high": 75.36629639044823,
      "ECR": 96.55093167701864,
      "ECR_low": 94.38590723521895,
      "ECR_high": 98.34828312827634,
      "latency": 235.08075308749957,
      "utility": 0.7052536191604031,
      "sram_kb": 66.93796875,
      "flash_kb": 0.123046875,
      "macs": 122.0
    },
    "Proposed_Adaptive": {
      "DRR": 38.665925514174546,
      "DRR_low": 36.5513072306609,
      "DRR_high": 40.82258565882224,
      "ECR": 98.8377041637911,
      "ECR_low": 97.40956039363901,
      "ECR_high": 99.62962962962965,
      "latency": 235.08075308749957,
      "utility": 0.3750362967796566,
      "sram_kb": 157.75171874999998,
      "flash_kb": 0.123046875,
      "macs": 122.0
    },
    "_p_value": 0.135492665172059,
    "_cohen_d": 0.8020612879846208
  }
}